{"assets/bottom_bar/areas.png":["assets/bottom_bar/areas.png"],"assets/bottom_bar/chart.png":["assets/bottom_bar/chart.png"],"assets/bottom_bar/notes.png":["assets/bottom_bar/notes.png"],"assets/bottom_bar/user.png":["assets/bottom_bar/user.png"],"assets/common/area.png":["assets/common/area.png"],"assets/common/note.png":["assets/common/note.png"],"assets/common/remove.png":["assets/common/remove.png"],"assets/common/remove.svg":["assets/common/remove.svg"],"assets/images/chart_data.json":["assets/images/chart_data.json"],"assets/images/image.png":["assets/images/image.png"],"assets/images/logo.png":["assets/images/logo.png"],"assets/images/map2.jpg":["assets/images/map2.jpg"],"assets/images/maps2.png":["assets/images/maps2.png"],"assets/images/note.jpeg":["assets/images/note.jpeg"],"assets/images/ones.png":["assets/images/ones.png"],"packages/cupertino_icons/assets/CupertinoIcons.ttf":["packages/cupertino_icons/assets/CupertinoIcons.ttf"],"packages/fluttertoast/assets/toastify.css":["packages/fluttertoast/assets/toastify.css"],"packages/fluttertoast/assets/toastify.js":["packages/fluttertoast/assets/toastify.js"],"packages/syncfusion_flutter_datagrid/assets/font/FilterIcon.ttf":["packages/syncfusion_flutter_datagrid/assets/font/FilterIcon.ttf"],"packages/syncfusion_flutter_datagrid/assets/font/UnsortIcon.ttf":["packages/syncfusion_flutter_datagrid/assets/font/UnsortIcon.ttf"]}