[
    {
        "x": "1980-01-23",
        "y1": 83,
        "y2": 94
    },
    {
        "x": "1980-02-24",
        "y1": 83,
        "y2": 93
    },
    {
        "x": "1980-03-25",
        "y1": 82,
        "y2": 93
    },
    {
        "x": "1980-04-26",
        "y1": 83,
        "y2": 93
    },
    {
        "x": "1980-05-27",
        "y1": 83,
        "y2": 93
    },
    {
        "x": "1980-06-28",
        "y1": 84,
        "y2": 94
    },
    {
        "x": "1980-07-29",
        "y1": 84,
        "y2": 94
    },
    {
        "x": "1980-09-30",
        "y1": 85,
        "y2": 95
    },
    {
        "x": "1980-10-01",
        "y1": 84,
        "y2": 94
    },
    {
        "x": "1980-11-02",
        "y1": 83,
        "y2": 93
    },
    {
        "x": "1980-12-03",
        "y1": 83,
        "y2": 94
    },
    {
        "x": "1981-01-04",
        "y1": 83,
        "y2": 94
    },
    {
        "x": "1981-02-05",
        "y1": 82,
        "y2": 93
    },
    {
        "x": "1981-03-06",
        "y1": 82,
        "y2": 93
    },
    {
        "x": "1981-04-07",
        "y1": 82,
        "y2": 94
    },
    {
        "x": "1981-05-08",
        "y1": 83,
        "y2": 94
    },
    {
        "x": "1981-06-09",
        "y1": 83,
        "y2": 94
    },
    {
        "x": "1981-07-10",
        "y1": 83,
        "y2": 94
    },
    {
        "x": "1981-08-11",
        "y1": 83,
        "y2": 95
    },
    {
        "x": "1981-09-12",
        "y1": 84,
        "y2": 95
    },
    {
        "x": "1981-10-13",
        "y1": 83,
        "y2": 95
    },
    {
        "x": "1981-11-14",
        "y1": 84,
        "y2": 96
    },
    {
        "x": "1981-12-15",
        "y1": 83,
        "y2": 96
    },
    {
        "x": "1982-01-16",
        "y1": 84,
        "y2": 97
    },
    {
        "x": "1982-02-17",
        "y1": 84,
        "y2": 96
    },
    {
        "x": "1982-03-18",
        "y1": 84,
        "y2": 96
    },
    {
        "x": "1982-04-19",
        "y1": 84,
        "y2": 96
    },
    {
        "x": "1982-05-20",
        "y1": 84,
        "y2": 96
    },
    {
        "x": "1982-06-21",
        "y1": 83,
        "y2": 95
    },
    {
        "x": "1982-07-22",
        "y1": 84,
        "y2": 96
    },
    {
        "x": "1982-08-23",
        "y1": 83,
        "y2": 95
    },
    {
        "x": "1982-09-24",
        "y1": 83,
        "y2": 94
    },
    {
        "x": "1982-10-25",
        "y1": 83,
        "y2": 95
    },
    {
        "x": "1982-11-26",
        "y1": 83,
        "y2": 94
    },
    {
        "x": "1982-12-27",
        "y1": 84,
        "y2": 94
    },
    {
        "x": "1983-01-28",
        "y1": 85,
        "y2": 95
    },
    {
        "x": "1983-02-29",
        "y1": 84,
        "y2": 95
    },
    {
        "x": "1983-04-30",
        "y1": 84,
        "y2": 95
    },
    {
        "x": "1983-05-01",
        "y1": 83,
        "y2": 95
    },
    {
        "x": "1983-06-02",
        "y1": 84,
        "y2": 95
    },
    {
        "x": "1983-07-03",
        "y1": 85,
        "y2": 95
    },
    {
        "x": "1983-08-04",
        "y1": 86,
        "y2": 95
    },
    {
        "x": "1983-09-05",
        "y1": 86,
        "y2": 96
    },
    {
        "x": "1983-10-06",
        "y1": 87,
        "y2": 97
    },
    {
        "x": "1983-11-07",
        "y1": 87,
        "y2": 98
    },
    {
        "x": "1983-12-08",
        "y1": 87,
        "y2": 99
    },
    {
        "x": "1984-01-09",
        "y1": 86,
        "y2": 98
    },
    {
        "x": "1984-02-10",
        "y1": 86,
        "y2": 98
    },
    {
        "x": "1984-03-11",
        "y1": 86,
        "y2": 97
    },
    {
        "x": "1984-04-12",
        "y1": 86,
        "y2": 96
    },
    {
        "x": "1984-05-13",
        "y1": 86,
        "y2": 97
    },
    {
        "x": "1984-06-14",
        "y1": 85,
        "y2": 97
    },
    {
        "x": "1984-07-15",
        "y1": 85,
        "y2": 96
    },
    {
        "x": "1984-08-16",
        "y1": 84,
        "y2": 96
    },
    {
        "x": "1984-09-17",
        "y1": 84,
        "y2": 96
    },
    {
        "x": "1984-10-18",
        "y1": 84,
        "y2": 97
    },
    {
        "x": "1984-11-19",
        "y1": 85,
        "y2": 98
    },
    {
        "x": "1984-12-20",
        "y1": 85,
        "y2": 98
    },
    {
        "x": "1985-01-21",
        "y1": 85,
        "y2": 97
    },
    {
        "x": "1985-02-22",
        "y1": 85,
        "y2": 98
    },
    {
        "x": "1985-03-23",
        "y1": 86,
        "y2": 99
    },
    {
        "x": "1985-04-24",
        "y1": 85,
        "y2": 98
    },
    {
        "x": "1985-05-25",
        "y1": 85,
        "y2": 97
    },
    {
        "x": "1985-06-26",
        "y1": 86,
        "y2": 97
    },
    {
        "x": "1985-07-27",
        "y1": 86,
        "y2": 98
    },
    {
        "x": "1985-08-28",
        "y1": 86,
        "y2": 97
    },
    {
        "x": "1985-09-29",
        "y1": 86,
        "y2": 96
    },
    {
        "x": "1985-11-30",
        "y1": 86,
        "y2": 97
    },
    {
        "x": "1985-12-01",
        "y1": 86,
        "y2": 98
    },
    {
        "x": "1986-01-02",
        "y1": 87,
        "y2": 98
    },
    {
        "x": "1986-02-03",
        "y1": 87,
        "y2": 98
    },
    {
        "x": "1986-03-04",
        "y1": 87,
        "y2": 98
    },
    {
        "x": "1986-04-05",
        "y1": 88,
        "y2": 99
    },
    {
        "x": "1986-05-06",
        "y1": 88,
        "y2": 98
    },
    {
        "x": "1986-06-07",
        "y1": 87,
        "y2": 97
    },
    {
        "x": "1986-07-08",
        "y1": 88,
        "y2": 98
    },
    {
        "x": "1986-08-09",
        "y1": 88,
        "y2": 98
    },
    {
        "x": "1986-09-10",
        "y1": 88,
        "y2": 98
    },
    {
        "x": "1986-10-11",
        "y1": 88,
        "y2": 97
    },
    {
        "x": "1986-11-12",
        "y1": 88,
        "y2": 98
    },
    {
        "x": "1986-12-13",
        "y1": 89,
        "y2": 99
    },
    {
        "x": "1987-01-14",
        "y1": 88,
        "y2": 98
    },
    {
        "x": "1987-02-15",
        "y1": 89,
        "y2": 98
    },
    {
        "x": "1987-03-16",
        "y1": 88,
        "y2": 98
    },
    {
        "x": "1987-04-17",
        "y1": 87,
        "y2": 97
    },
    {
        "x": "1987-05-18",
        "y1": 87,
        "y2": 98
    },
    {
        "x": "1987-06-19",
        "y1": 87,
        "y2": 97
    },
    {
        "x": "1987-07-20",
        "y1": 87,
        "y2": 96
    },
    {
        "x": "1987-08-21",
        "y1": 87,
        "y2": 95
    },
    {
        "x": "1987-09-22",
        "y1": 87,
        "y2": 95
    },
    {
        "x": "1987-10-23",
        "y1": 86,
        "y2": 94
    },
    {
        "x": "1987-11-24",
        "y1": 85,
        "y2": 94
    },
    {
        "x": "1987-12-25",
        "y1": 86,
        "y2": 95
    },
    {
        "x": "1988-01-26",
        "y1": 85,
        "y2": 94
    },
    {
        "x": "1988-02-27",
        "y1": 86,
        "y2": 95
    },
    {
        "x": "1988-03-28",
        "y1": 85,
        "y2": 95
    },
    {
        "x": "1988-04-29",
        "y1": 85,
        "y2": 95
    },
    {
        "x": "1988-06-30",
        "y1": 85,
        "y2": 95
    },
    {
        "x": "1988-07-01",
        "y1": 86,
        "y2": 96
    },
    {
        "x": "1988-08-02",
        "y1": 85,
        "y2": 96
    },
    {
        "x": "1988-09-03",
        "y1": 84,
        "y2": 95
    },
    {
        "x": "1988-10-04",
        "y1": 85,
        "y2": 96
    },
    {
        "x": "1988-11-05",
        "y1": 85,
        "y2": 96
    },
    {
        "x": "1988-12-06",
        "y1": 85,
        "y2": 96
    },
    {
        "x": "1989-01-07",
        "y1": 86,
        "y2": 97
    },
    {
        "x": "1989-02-08",
        "y1": 86,
        "y2": 97
    },
    {
        "x": "1989-03-09",
        "y1": 85,
        "y2": 96
    },
    {
        "x": "1989-04-10",
        "y1": 84,
        "y2": 95
    },
    {
        "x": "1989-05-11",
        "y1": 85,
        "y2": 96
    },
    {
        "x": "1989-06-12",
        "y1": 84,
        "y2": 95
    },
    {
        "x": "1989-07-13",
        "y1": 84,
        "y2": 94
    },
    {
        "x": "1989-08-14",
        "y1": 85,
        "y2": 95
    },
    {
        "x": "1989-09-15",
        "y1": 84,
        "y2": 94
    },
    {
        "x": "1989-10-16",
        "y1": 84,
        "y2": 95
    },
    {
        "x": "1989-11-17",
        "y1": 84,
        "y2": 95
    },
    {
        "x": "1989-12-18",
        "y1": 84,
        "y2": 95
    },
    {
        "x": "1990-01-19",
        "y1": 83,
        "y2": 95
    },
    {
        "x": "1990-02-20",
        "y1": 84,
        "y2": 95
    },
    {
        "x": "1990-03-21",
        "y1": 85,
        "y2": 96
    },
    {
        "x": "1990-04-22",
        "y1": 84,
        "y2": 95
    },
    {
        "x": "1990-05-23",
        "y1": 83,
        "y2": 94
    },
    {
        "x": "1990-06-24",
        "y1": 84,
        "y2": 95
    },
    {
        "x": "1990-07-25",
        "y1": 84,
        "y2": 96
    },
    {
        "x": "1990-08-26",
        "y1": 84,
        "y2": 96
    },
    {
        "x": "1990-09-27",
        "y1": 84,
        "y2": 95
    },
    {
        "x": "1990-10-28",
        "y1": 83,
        "y2": 94
    },
    {
        "x": "1990-11-29",
        "y1": 84,
        "y2": 94
    },
    {
        "x": "1991-01-30",
        "y1": 84,
        "y2": 95
    },
    {
        "x": "1991-02-01",
        "y1": 84,
        "y2": 95
    },
    {
        "x": "1991-03-02",
        "y1": 83,
        "y2": 94
    },
    {
        "x": "1991-04-03",
        "y1": 84,
        "y2": 95
    },
    {
        "x": "1991-05-04",
        "y1": 85,
        "y2": 96
    },
    {
        "x": "1991-06-05",
        "y1": 84,
        "y2": 96
    },
    {
        "x": "1991-07-06",
        "y1": 84,
        "y2": 95
    },
    {
        "x": "1991-08-07",
        "y1": 84,
        "y2": 96
    },
    {
        "x": "1991-09-08",
        "y1": 84,
        "y2": 96
    },
    {
        "x": "1991-10-09",
        "y1": 84,
        "y2": 96
    },
    {
        "x": "1991-11-10",
        "y1": 84,
        "y2": 96
    },
    {
        "x": "1991-12-11",
        "y1": 84,
        "y2": 97
    },
    {
        "x": "1992-01-12",
        "y1": 85,
        "y2": 97
    },
    {
        "x": "1992-02-13",
        "y1": 86,
        "y2": 98
    },
    {
        "x": "1992-03-14",
        "y1": 86,
        "y2": 99
    },
    {
        "x": "1992-04-15",
        "y1": 86,
        "y2": 98
    },
    {
        "x": "1992-05-16",
        "y1": 86,
        "y2": 98
    },
    {
        "x": "1992-06-17",
        "y1": 85,
        "y2": 98
    },
    {
        "x": "1992-07-18",
        "y1": 85,
        "y2": 98
    },
    {
        "x": "1992-08-19",
        "y1": 86,
        "y2": 98
    },
    {
        "x": "1992-09-20",
        "y1": 87,
        "y2": 98
    },
    {
        "x": "1992-10-21",
        "y1": 88,
        "y2": 99
    },
    {
        "x": "1992-11-22",
        "y1": 87,
        "y2": 98
    },
    {
        "x": "1992-12-23",
        "y1": 87,
        "y2": 98
    },
    {
        "x": "1993-01-24",
        "y1": 87,
        "y2": 99
    },
    {
        "x": "1993-02-25",
        "y1": 88,
        "y2": 100
    },
    {
        "x": "1993-03-26",
        "y1": 87,
        "y2": 99
    },
    {
        "x": "1993-04-27",
        "y1": 86,
        "y2": 99
    },
    {
        "x": "1993-05-28",
        "y1": 86,
        "y2": 99
    },
    {
        "x": "1993-06-29",
        "y1": 85,
        "y2": 98
    },
    {
        "x": "1993-08-30",
        "y1": 85,
        "y2": 98
    },
    {
        "x": "1993-09-01",
        "y1": 85,
        "y2": 98
    },
    {
        "x": "1993-10-02",
        "y1": 85,
        "y2": 98
    },
    {
        "x": "1993-11-03",
        "y1": 84,
        "y2": 97
    },
    {
        "x": "1993-12-04",
        "y1": 85,
        "y2": 97
    },
    {
        "x": "1994-01-05",
        "y1": 84,
        "y2": 97
    },
    {
        "x": "1994-02-06",
        "y1": 84,
        "y2": 96
    },
    {
        "x": "1994-03-07",
        "y1": 83,
        "y2": 96
    },
    {
        "x": "1994-04-08",
        "y1": 83,
        "y2": 95
    },
    {
        "x": "1994-05-09",
        "y1": 84,
        "y2": 96
    },
    {
        "x": "1994-06-10",
        "y1": 83,
        "y2": 95
    },
    {
        "x": "1994-07-11",
        "y1": 83,
        "y2": 95
    },
    {
        "x": "1994-08-12",
        "y1": 84,
        "y2": 95
    },
    {
        "x": "1994-09-13",
        "y1": 83,
        "y2": 95
    },
    {
        "x": "1994-10-14",
        "y1": 82,
        "y2": 94
    },
    {
        "x": "1994-11-15",
        "y1": 83,
        "y2": 94
    },
    {
        "x": "1994-12-16",
        "y1": 83,
        "y2": 95
    },
    {
        "x": "1995-01-17",
        "y1": 83,
        "y2": 96
    },
    {
        "x": "1995-02-18",
        "y1": 83,
        "y2": 95
    },
    {
        "x": "1995-03-19",
        "y1": 84,
        "y2": 96
    },
    {
        "x": "1995-04-20",
        "y1": 84,
        "y2": 96
    },
    {
        "x": "1995-05-21",
        "y1": 84,
        "y2": 97
    },
    {
        "x": "1995-06-22",
        "y1": 84,
        "y2": 97
    },
    {
        "x": "1995-07-23",
        "y1": 83,
        "y2": 96
    },
    {
        "x": "1995-08-24",
        "y1": 84,
        "y2": 97
    },
    {
        "x": "1995-09-25",
        "y1": 84,
        "y2": 96
    },
    {
        "x": "1995-10-26",
        "y1": 84,
        "y2": 97
    },
    {
        "x": "1995-11-27",
        "y1": 84,
        "y2": 96
    },
    {
        "x": "1995-12-28",
        "y1": 85,
        "y2": 96
    },
    {
        "x": "1996-01-29",
        "y1": 85,
        "y2": 97
    },
    {
        "x": "1996-03-30",
        "y1": 84,
        "y2": 96
    },
    {
        "x": "1996-04-01",
        "y1": 84,
        "y2": 96
    },
    {
        "x": "1996-05-02",
        "y1": 84,
        "y2": 97
    },
    {
        "x": "1996-06-03",
        "y1": 85,
        "y2": 97
    },
    {
        "x": "1996-07-04",
        "y1": 86,
        "y2": 97
    },
    {
        "x": "1996-08-05",
        "y1": 87,
        "y2": 98
    },
    {
        "x": "1996-09-06",
        "y1": 86,
        "y2": 97
    },
    {
        "x": "1996-10-07",
        "y1": 85,
        "y2": 97
    },
    {
        "x": "1996-11-08",
        "y1": 85,
        "y2": 96
    },
    {
        "x": "1996-12-09",
        "y1": 84,
        "y2": 96
    },
    {
        "x": "1997-01-10",
        "y1": 84,
        "y2": 96
    },
    {
        "x": "1997-02-11",
        "y1": 85,
        "y2": 96
    },
    {
        "x": "1997-03-12",
        "y1": 85,
        "y2": 96
    },
    {
        "x": "1997-04-13",
        "y1": 86,
        "y2": 96
    },
    {
        "x": "1997-05-14",
        "y1": 85,
        "y2": 95
    },
    {
        "x": "1997-06-15",
        "y1": 86,
        "y2": 96
    },
    {
        "x": "1997-07-16",
        "y1": 85,
        "y2": 96
    },
    {
        "x": "1997-08-17",
        "y1": 85,
        "y2": 95
    },
    {
        "x": "1997-09-18",
        "y1": 85,
        "y2": 96
    },
    {
        "x": "1997-10-19",
        "y1": 86,
        "y2": 96
    },
    {
        "x": "1997-11-20",
        "y1": 85,
        "y2": 95
    },
    {
        "x": "1997-12-21",
        "y1": 86,
        "y2": 95
    },
    {
        "x": "1998-01-22",
        "y1": 86,
        "y2": 96
    },
    {
        "x": "1998-02-23",
        "y1": 86,
        "y2": 97
    },
    {
        "x": "1998-03-24",
        "y1": 87,
        "y2": 97
    },
    {
        "x": "1998-04-25",
        "y1": 87,
        "y2": 98
    },
    {
        "x": "1998-05-26",
        "y1": 87,
        "y2": 99
    },
    {
        "x": "1998-06-27",
        "y1": 88,
        "y2": 99
    },
    {
        "x": "1998-07-28",
        "y1": 88,
        "y2": 98
    },
    {
        "x": "1998-08-29",
        "y1": 87,
        "y2": 97
    },
    {
        "x": "1998-10-30",
        "y1": 87,
        "y2": 97
    },
    {
        "x": "1998-11-01",
        "y1": 87,
        "y2": 98
    },
    {
        "x": "1998-12-02",
        "y1": 86,
        "y2": 98
    },
    {
        "x": "1999-01-03",
        "y1": 86,
        "y2": 97
    },
    {
        "x": "1999-02-04",
        "y1": 86,
        "y2": 96
    },
    {
        "x": "1999-03-05",
        "y1": 86,
        "y2": 97
    },
    {
        "x": "1999-04-06",
        "y1": 85,
        "y2": 97
    },
    {
        "x": "1999-05-07",
        "y1": 85,
        "y2": 96
    },
    {
        "x": "1999-06-08",
        "y1": 84,
        "y2": 95
    },
    {
        "x": "1999-07-09",
        "y1": 85,
        "y2": 96
    },
    {
        "x": "1999-08-10",
        "y1": 84,
        "y2": 96
    },
    {
        "x": "1999-09-11",
        "y1": 84,
        "y2": 96
    },
    {
        "x": "1999-10-12",
        "y1": 83,
        "y2": 95
    },
    {
        "x": "1999-11-13",
        "y1": 84,
        "y2": 96
    },
    {
        "x": "1999-12-14",
        "y1": 84,
        "y2": 96
    },
    {
        "x": "2000-01-15",
        "y1": 84,
        "y2": 95
    },
    {
        "x": "2000-02-16",
        "y1": 84,
        "y2": 96
    },
    {
        "x": "2000-03-17",
        "y1": 85,
        "y2": 96
    },
    {
        "x": "2000-04-18",
        "y1": 84,
        "y2": 95
    },
    {
        "x": "2000-05-19",
        "y1": 85,
        "y2": 96
    },
    {
        "x": "2000-06-20",
        "y1": 85,
        "y2": 96
    },
    {
        "x": "2000-07-21",
        "y1": 85,
        "y2": 96
    },
    {
        "x": "2000-08-22",
        "y1": 84,
        "y2": 96
    },
    {
        "x": "2000-09-23",
        "y1": 84,
        "y2": 96
    },
    {
        "x": "2000-10-24",
        "y1": 84,
        "y2": 96
    },
    {
        "x": "2000-11-25",
        "y1": 84,
        "y2": 95
    },
    {
        "x": "2000-12-26",
        "y1": 84,
        "y2": 94
    }
]